"Bumble Bee Snow's Minced Clams in Clam Juice, 6.5 oz Can",/ip/Bumble-Bee-Snow-s-Minced-Clams-in-Clam-Juice-6-5-oz-Can/10294374
"Campbell's SpaghettiOs Canned Pasta A to Z Shapes with Meatballs, 15.6 Oz. Can",/ip/Campbell-s-SpaghettiOs-Canned-Pasta-A-to-Z-Shapes-with-Meatballs-15-6-Oz-Can/198332351
"Dole Mango Slices in Heavy Syrup, 15.5 oz. Canned Fruit",/ip/Dole-Mango-Slices-in-Heavy-Syrup-15-5-oz-Canned-Fruit/27441061
"Dole Fruit Bowls No Sugar Added Pineapple Tidbits in 100% Fruit Juice, 4 Oz Fruit Bowls, 4 Cups of Fruit",/ip/Dole-Fruit-Bowls-No-Sugar-Added-Pineapple-Tidbits-in-100-Fruit-Juice-4-Oz-Fruit-Bowls-4-Cups-of-Fruit/40618021
"Dole Yellow Cling Sliced Peaches in 100% Fruit Juice, Jarred Peaches, 23.5 Oz",/ip/Dole-Yellow-Cling-Sliced-Peaches-in-100-Fruit-Juice-Jarred-Peaches-23-5-Oz/10304407
"Campbell's SpaghettiOs Canned Pasta with Meatballs, 22.2 oz. Can",/ip/Campbell-s-SpaghettiOs-Canned-Pasta-with-Meatballs-22-2-oz-Can/37700404
"Bruce's Yams Cut Sweet Potatoes in Syrup, 40 oz.",/ip/Bruce-s-Yams-Cut-Sweet-Potatoes-in-Syrup-40-oz/10290902
"Hormel Premium Canned Chunk Chicken Breast in Water, 10 Ounce (Pack of 2)",/ip/Hormel-Premium-Canned-Chunk-Chicken-Breast-in-Water-10-Ounce-Pack-of-2/36073558
"Season Imported Sardines in Pure Olive Oil Skinless & Boneless Salt Added, 4.375 OZ",/ip/Season-Imported-Sardines-in-Pure-Olive-Oil-Skinless-Boneless-Salt-Added-4-375-OZ/39844754
"Hanover Blue Lake Cut Green Beans, 38 oz",/ip/Hanover-Blue-Lake-Cut-Green-Beans-38-oz/32174480
"Valley Fresh Organic Canned Chicken Breast with Rib Meat in Water, 5 Ounce",/ip/Valley-Fresh-Organic-Canned-Chicken-Breast-with-Rib-Meat-in-Water-5-Ounce/10309223
"Armour Hearty Homestyle Corned Beef Hash 14 oz",/ip/Armour-Hearty-Homestyle-Corned-Beef-Hash-14-oz/51091465
"BUMBLE BEE Solid White Albacore Tuna In Vegetable Oil, 12 Ounce Can, High Protein Food and Snacks",/ip/BUMBLE-BEE-Solid-White-Albacore-Tuna-In-Vegetable-Oil-12-Ounce-Can-High-Protein-Food-and-Snacks/22027029
"Great Value Fully Cooked Roast Beef, 12 oz",/ip/Great-Value-Fully-Cooked-Roast-Beef-12-oz/40975805
"Bumble Bee Prime Fillet Tonno in Olive Oil, Canned Tuna Fish, 5oz Can",/ip/Bumble-Bee-Prime-Fillet-Tonno-in-Olive-Oil-Canned-Tuna-Fish-5oz-Can/21269472
"Valley Fresh 100% Natural White and Dark Canned Chicken in Broth, 10 Ounce",/ip/Valley-Fresh-100-Natural-White-and-Dark-Canned-Chicken-in-Broth-10-Ounce/10309221
"Spam Lite, 12 Ounce Can lunch meat with less calories fat and sodium",/ip/Spam-Lite-12-Ounce-Can-lunch-meat-with-less-calories-fat-and-sodium/10290937
"Great Value Golden Sweet Whole Kernel Corn, 15 oz",/ip/Great-Value-Golden-Sweet-Whole-Kernel-Corn-15-oz/10315427
"Bush's Homestyle Baked Canned Beans, 55 Oz",/ip/Bush-s-Homestyle-Baked-Canned-Beans-55-Oz/19593703
"Dinty Moore Beef Stew, 15 Ounce Can",/ip/Dinty-Moore-Beef-Stew-15-Ounce-Can/10290959
"StarKist Chunk Light Tuna in Water, 12 oz Can",/ip/StarKist-Chunk-Light-Tuna-in-Water-12-oz-Can/10293459
"Bumble Bee Chunk White Albacore Tuna in Water, Canned Tuna Fish, High Protein Food, 12oz Can",/ip/Bumble-Bee-Chunk-White-Albacore-Tuna-in-Water-Canned-Tuna-Fish-High-Protein-Food-12oz-Can/47693368
"Tyson Premium Chunk White Chicken Breast, 12.5 oz.",/ip/Tyson-Premium-Chunk-White-Chicken-Breast-12-5-oz/15240647
"Bumble Bee Chunk Light Tuna in Water, Canned Tuna Fish, High Protein Food, 12oz Can",/ip/Bumble-Bee-Chunk-Light-Tuna-in-Water-Canned-Tuna-Fish-High-Protein-Food-12oz-Can/10309541
"Great Value Alaskan Pink Salmon, 14.75 oz",/ip/Great-Value-Alaskan-Pink-Salmon-14-75-oz/10534321
"Great Value Golden Sweet Whole Kernel Corn, 106 oz",/ip/Great-Value-Golden-Sweet-Whole-Kernel-Corn-106-oz/905420204
"Bumble Bee Chunk Light Tuna in Water, Canned Tuna Fish, High Protein Food, 3oz Can, Pack of 3",/ip/Bumble-Bee-Chunk-Light-Tuna-in-Water-Canned-Tuna-Fish-High-Protein-Food-3oz-Can-Pack-of-3/10309550
"Del Monte Fresh Cut Blue Lake French Style Canned Green Beans, 14.5 oz, 4 count box",/ip/Del-Monte-Fresh-Cut-Blue-Lake-French-Style-Canned-Green-Beans-14-5-oz-4-count-box/41581069
"Great Value Mandarin Oranges, 15 oz",/ip/Great-Value-Mandarin-Oranges-15-oz/28026792
"Dole Fruit Bowls Peaches in Strawberry Gel, 4.3 Oz Bowls, 4 Cups of Fruit",/ip/Dole-Fruit-Bowls-Peaches-in-Strawberry-Gel-4-3-Oz-Bowls-4-Cups-of-Fruit/10304401
"Valley Fresh 100% Natural Canned Chicken Breast with Rib Meat in Broth, 10 Ounce",/ip/Valley-Fresh-100-Natural-Canned-Chicken-Breast-with-Rib-Meat-in-Broth-10-Ounce/15556309
"SPAM Classic, 7 oz Can",/ip/SPAM-Classic-7-oz-Can/10447851
"Great Value Mandarin Oranges in Light Syrup, 29 oz",/ip/Great-Value-Mandarin-Oranges-in-Light-Syrup-29-oz/46521541
"Great Value Cut Green Beans, 14.5 oz",/ip/Great-Value-Cut-Green-Beans-14-5-oz/10448318
"Great Value Mandarin Oranges in Light Syrup, 15 oz",/ip/Great-Value-Mandarin-Oranges-in-Light-Syrup-15-oz/10316088
"BUSH'S Pinto Beans, Plant Based Protein, Canned Pinto Beans, 16 Oz",/ip/BUSH-S-Pinto-Beans-Plant-Based-Protein-Canned-Pinto-Beans-16-Oz/10306794
"Juanita's Foods Mexican Style Hominy, 2.97 kg",/ip/Juanita-s-Foods-Mexican-Style-Hominy-2-97-kg/10453028
"Bumble Bee Sardines in Water, Canned Food, Gluten Free Snacks, High Protein Snacks, 3.75oz can",/ip/Bumble-Bee-Sardines-in-Water-Canned-Food-Gluten-Free-Snacks-High-Protein-Snacks-3-75oz-can/10309576
"Hormel Canned Chunk Smoked Ham, 5 oz",/ip/Hormel-Canned-Chunk-Smoked-Ham-5-oz/10447801
"Great Value Chunk Light Tuna in Water 12 oz. Can",/ip/Great-Value-Chunk-Light-Tuna-in-Water-12-oz-Can/19718007
"Bumble Bee Solid White Albacore Tuna in Water, 5 Ounce Can, Ready to Eat Tuna Fish, High Protein Food",/ip/Bumble-Bee-Solid-White-Albacore-Tuna-in-Water-5-Ounce-Can-Ready-to-Eat-Tuna-Fish-High-Protein-Food/12167149
"Valley Fresh 100% Natural Canned Chicken Breast with Rib Meat in Broth, 5 Ounce",/ip/Valley-Fresh-100-Natural-Canned-Chicken-Breast-with-Rib-Meat-in-Broth-5-Ounce/10309220
"Campbell's Chunky Soup, Healthy Request Beef with Country Vegetables Soup, 18.8 Ounce Can",/ip/Campbell-s-Chunky-Soup-Healthy-Request-Beef-with-Country-Vegetables-Soup-18-8-Ounce-Can/20854179
"BUMBLE BEE Chunk White Albacore Tuna in Water, 5 Ounce Can, High Protein Food and Snacks",/ip/BUMBLE-BEE-Chunk-White-Albacore-Tuna-in-Water-5-Ounce-Can-High-Protein-Food-and-Snacks/15136806
"Dole Pineapple Chunks in Heavy Syrup, 20 Oz can",/ip/Dole-Pineapple-Chunks-in-Heavy-Syrup-20-Oz-can/10304324
"Del Monte Fresh Cut French Style Green Beans, 14.5 OZ",/ip/Del-Monte-Fresh-Cut-French-Style-Green-Beans-14-5-OZ/10295201
"Chef Boyardee Mini Ravioli 15 oz",/ip/Chef-Boyardee-Mini-Ravioli-15-oz/10308534
"Glory Foods Seasoned Southern Style Green Beans with Potatoes, 29 oz",/ip/Glory-Foods-Seasoned-Southern-Style-Green-Beans-with-Potatoes-29-oz/10532984
"Campbell's Canned Beans, Pork & Beans, 11 oz. Can",/ip/Campbell-s-Canned-Beans-Pork-Beans-11-oz-Can/10321364
"Great Value Diced Tomatoes In Tomato Juice, 14.5 Oz",/ip/Great-Value-Diced-Tomatoes-In-Tomato-Juice-14-5-Oz/10450990
"Glory Foods Seasoned Southern Style Spinach, 27 oz",/ip/Glory-Foods-Seasoned-Southern-Style-Spinach-27-oz/10532913
"Great Value Traditional Refried Beans, 16 oz",/ip/Great-Value-Traditional-Refried-Beans-16-oz/10534037
"Great Value Crushed Tomatoes with Tomato Puree, 28 oz",/ip/Great-Value-Crushed-Tomatoes-with-Tomato-Puree-28-oz/10415230
"Great Value Sliced Carrots, 14.5 oz",/ip/Great-Value-Sliced-Carrots-14-5-oz/10451497
"Great Value Sweet Peas, 15 oz",/ip/Great-Value-Sweet-Peas-15-oz/10451509
"Del Monte Sliced Carrots, 14.5 Oz",/ip/Del-Monte-Sliced-Carrots-14-5-Oz/10318772
"Great Value Chicken Noodle Canned Soup, Family Size, 26 oz",/ip/Great-Value-Chicken-Noodle-Canned-Soup-Family-Size-26-oz/10315177
"Del Monte Green Beans Cuts, 14.5 oz, canned green beans",/ip/Del-Monte-Green-Beans-Cuts-14-5-oz-canned-green-beans/10295200
"Great Value Macaroni & Beef, 15 oz",/ip/Great-Value-Macaroni-Beef-15-oz/10315143
"Glory Foods Seasoned Southern Style Turnip Greens With Diced Turnips, 27 Oz",/ip/Glory-Foods-Seasoned-Southern-Style-Turnip-Greens-With-Diced-Turnips-27-Oz/10532983
"Glory Foods Seasoned Southern Style Smoked Turkey Flavored Collard Greens, 14.5 oz",/ip/Glory-Foods-Seasoned-Southern-Style-Smoked-Turkey-Flavored-Collard-Greens-14-5-oz/20567620
"Del Monte Fresh Cut Leaf Spinach, 13.5 Oz",/ip/Del-Monte-Fresh-Cut-Leaf-Spinach-13-5-Oz/10318793
"Great Value Pickled Sliced Beets, 14.5 Oz",/ip/Great-Value-Pickled-Sliced-Beets-14-5-Oz/10315845
"Great Value French Style Green Beans, 14.5 oz",/ip/Great-Value-French-Style-Green-Beans-14-5-oz/10315431
"Hunts Petite Diced Tomatoes 14.5 oz",/ip/Hunts-Petite-Diced-Tomatoes-14-5-oz/10295065
"(3 Pack) Great Value Diced Peaches, 4 oz, 4 Count",/ip/3-Pack-Great-Value-Diced-Peaches-4-oz-4-Count/741798778
"Great Value Petite Diced Tomatoes in Tomato Juice, 28 oz",/ip/Great-Value-Petite-Diced-Tomatoes-in-Tomato-Juice-28-oz/10415882
"Great Value Diced Potatoes, 15 oz",/ip/Great-Value-Diced-Potatoes-15-oz/10451499
"Libby's Cut Green Beans Lightly Seasoned With Sea Salt, 4 Oz, 4 Count Box",/ip/Libby-s-Cut-Green-Beans-Lightly-Seasoned-With-Sea-Salt-4-Oz-4-Count-Box/32177136
"Libby's Diced Carrots, 4 Oz, 4 Count Box",/ip/Libby-s-Diced-Carrots-4-Oz-4-Count-Box/32177139
"Great Value Mixed Vegetable Medley, 14.5 Oz",/ip/Great-Value-Mixed-Vegetable-Medley-14-5-Oz/10451496
"Del Monte Blue Lake Cut Green Beans, 50 Oz",/ip/Del-Monte-Blue-Lake-Cut-Green-Beans-50-Oz/10295112
"Chef Boyardee Mac and Cheese 15 oz",/ip/Chef-Boyardee-Mac-and-Cheese-15-oz/10308529
"Chef Boyardee Beef Ravioli 15 oz",/ip/Chef-Boyardee-Beef-Ravioli-15-oz/10308535
"Great Value Leaf Spinach, 13.5 oz",/ip/Great-Value-Leaf-Spinach-13-5-oz/10451500
"Great Value Chili with Beans, 15 oz",/ip/Great-Value-Chili-with-Beans-15-oz/10534168
"Great Value Diced Tomatoes in Tomato Juice, 28 oz",/ip/Great-Value-Diced-Tomatoes-in-Tomato-Juice-28-oz/10415151
"Great Value Organic Pinto Beans, Canned, 15 oz",/ip/Great-Value-Organic-Pinto-Beans-Canned-15-oz/51236574
"Great Value Italian Diced Tomatoes, 14.5 Oz",/ip/Great-Value-Italian-Diced-Tomatoes-14-5-Oz/10416113
"Margaret Holmes Seasoned Italian Green Beans, 27 oz",/ip/Margaret-Holmes-Seasoned-Italian-Green-Beans-27-oz/19399898
"(12 Pack) Wellness CORE Natural Wet Grain Free Canned Dog Food, 12.5-Ounce Cans, Various Flavors",/ip/Wellness-CORE-Natural-Wet-Grain-Free-Canned-Dog-Food-Turkey-Chicken-12-5-Ounce-Can-Pack-of-12/42309016
"Del Monte Lite Unpeeled Apricot Halves In Extra Light Syrup, 15 Oz",/ip/Del-Monte-Lite-Unpeeled-Apricot-Halves-In-Extra-Light-Syrup-15-Oz/10295227
"(2 Pack) Bumble Bee Premium Smoked Coho Salmon in Oil, 3.75oz Can",/ip/2-Pack-Bumble-Bee-Premium-Smoked-Coho-Salmon-in-Oil-3-75oz-Can/47227778
"Chicken Of The Sea Lump Crab, 6 oz",/ip/Chicken-Of-The-Sea-Lump-Crab-6-oz/12018502
"Great Value Black Beans, 15.25 oz",/ip/Great-Value-Black-Beans-15-25-oz/10534038
"Great Value Golden Sweet Whole Kernel Corn, 29 oz",/ip/Great-Value-Golden-Sweet-Whole-Kernel-Corn-29-oz/15544057
"Glory Foods Seasoned Southern Style Green Beans, 27 oz",/ip/Glory-Foods-Seasoned-Southern-Style-Green-Beans-27-oz/19400323
"Glory Foods Seasoned Southern Style Mixed Greens, 27 oz",/ip/Glory-Foods-Seasoned-Southern-Style-Mixed-Greens-27-oz/10532980
"Great Value No Salt Added Sweet Peas, 15 oz",/ip/Great-Value-No-Salt-Added-Sweet-Peas-15-oz/12444445
"Great Value Petite Diced Tomatoes in Tomato Juice, 14.5 oz",/ip/Great-Value-Petite-Diced-Tomatoes-in-Tomato-Juice-14-5-oz/10416105
"RO*TEL Original Diced Tomatoes and Green Chilies 10 Ounce",/ip/RO-TEL-Original-Diced-Tomatoes-and-Green-Chilies-10-Ounce/10308581
"BUSH'S Chili Beans, Red Beans in Mild Chili Sauce, Canned Beans, 16 Oz",/ip/BUSH-S-Chili-Beans-Red-Beans-in-Mild-Chili-Sauce-Canned-Beans-16-Oz/10306779
"Swanson Chicken á la King Made with White Meat Chicken, 10.5 oz.",/ip/Swanson-Chicken-la-King-Made-with-White-Meat-Chicken-10-5-oz/10321695
"Del Monte Fruit Cocktail in Heavy Syrup, 30 oz",/ip/Del-Monte-Fruit-Cocktail-in-Heavy-Syrup-30-oz/10295102
"Popeye Leaf Spinach, 13.5 oz",/ip/Popeye-Leaf-Spinach-13-5-oz/10312200
"Bumble Bee Prime Fillet Solid White Albacore Tuna in Water, 5oz Can, High Protein Food and Snacks",/ip/Bumble-Bee-Prime-Fillet-Solid-White-Albacore-Tuna-in-Water-5oz-Can-High-Protein-Food-and-Snacks/12167150
"Great Value Navy Beans, 15.5 oz",/ip/Great-Value-Navy-Beans-15-5-oz/22002644
"Tulip Canned Pink Salmon, 14.75 Oz",/ip/Tulip-Canned-Pink-Salmon-14-75-Oz/10313730
"Del Monte Red Grapefruit in Light Syrup, 15 oz",/ip/Del-Monte-Red-Grapefruit-in-Light-Syrup-15-oz/10309652
"Del Monte California Sliced Peaches, 15.25 oz",/ip/Del-Monte-California-Sliced-Peaches-15-25-oz/10295238
"Glory Foods Seasoned Southern Style Fried Apples, 14.5 oz",/ip/Glory-Foods-Seasoned-Southern-Style-Fried-Apples-14-5-oz/19400322
"Del Monte No Sugar Added Fruit Cocktail, 14.5 oz Canned fruit",/ip/Del-Monte-No-Sugar-Added-Fruit-Cocktail-14-5-oz-Canned-fruit/10295195
"Dole Pineapple Chunks in 100% Pineapple Juice, 23.5 Oz Plastic Jar",/ip/Dole-Pineapple-Chunks-in-100-Pineapple-Juice-23-5-Oz-Plastic-Jar/10304405
"Great Value Peas & Diced Carrots, 8.5 oz",/ip/Great-Value-Peas-Diced-Carrots-8-5-oz/10315955
"Popeye Chopped Spinach, 13.5 oz",/ip/Popeye-Chopped-Spinach-13-5-oz/10312199
"StarKist Skinless Boneless Pink Salmon in Water, 5 Ounce Can",/ip/StarKist-Skinless-Boneless-Pink-Salmon-in-Water-5-Ounce-Can/47044522
"BUSH'S Original Baked Beans, Canned Beans, 16 Oz",/ip/BUSH-S-Original-Baked-Beans-Canned-Beans-16-Oz/10306770
"Great Value Dark Red Kidney Beans, 15.5 oz",/ip/Great-Value-Dark-Red-Kidney-Beans-15-5-oz/10534045
"Bush's Canned Black Beans, 15 oz",/ip/Bush-s-Canned-Black-Beans-15-oz/10306800
"Bruce's Yams Cut Sweet Potatoes in Syrup, 15 oz.",/ip/Bruce-s-Yams-Cut-Sweet-Potatoes-in-Syrup-15-oz/10290899
"Del Monte Summer Crisp Whole Kernel Golden Sweet Corn, 11 Oz",/ip/Del-Monte-Summer-Crisp-Whole-Kernel-Golden-Sweet-Corn-11-Oz/13448616
"Hormel Canned White and Dark Chunk Chicken, 10 Ounce",/ip/Hormel-Canned-White-and-Dark-Chunk-Chicken-10-Ounce/10291005
"Del Monte Canned Mixed Vegetables, 14.5 oz",/ip/Del-Monte-Canned-Mixed-Vegetables-14-5-oz/10295225
"Bruce's Yams Cut Sweet Potatoes in Splenda, 40 oz",/ip/Bruce-s-Yams-Cut-Sweet-Potatoes-in-Splenda-40-oz/41584469
"Glory Foods Seasoned Southern Style Turnip Greens, 27 oz",/ip/Glory-Foods-Seasoned-Southern-Style-Turnip-Greens-27-oz/10532982
"Great Value Sliced Peaches in 100% Juice, 15 oz",/ip/Great-Value-Sliced-Peaches-in-100-Juice-15-oz/10415534
"Bush's Pinto Beans, 53 Oz can",/ip/Bush-s-Pinto-Beans-53-Oz-can/15673601
"Margaret Holmes Seasoned Field Peas and Snaps, 15 oz",/ip/Margaret-Holmes-Seasoned-Field-Peas-and-Snaps-15-oz/10824573
"Great Value Light Syrup Extra Cherry Fruit Mix, 15 oz",/ip/Great-Value-Light-Syrup-Extra-Cherry-Fruit-Mix-15-oz/10315270
"Bushs Golden Hominy 15.5 OZ",/ip/Bushs-Golden-Hominy-15-5-OZ/10306784
